heart_rate,body_temp,accelerometer_x,accelerometer_y,accelerometer_z,target
101,38.521046708125276,1.3155628495542144,1.849066279935883,4.137765261370235,1
142,39.47263684510598,1.8006820373575954,0.261775100937362,0.8535418165624009,1
64,37.589957277378076,0.4382137338191927,3.8378381425895913,0.15231843154480063,1
121,35.76548181677338,4.684789115155314,2.082522159519395,1.0222418623213652,1
110,36.70265543479235,2.7690112035618815,4.110899434082117,1.7020577805712982,1
70,37.17849377839181,1.5276215532901176,4.251740005599477,2.5529037872977995,1
132,38.87550344798961,1.984907585371417,1.0599702734932903,3.075645702705999,1
136,38.42466982801347,2.236012702524178,3.2867674108506426,4.5530285860721085,1
124,37.136580355387075,3.0029716668030866,2.3614090208149086,2.5492700477522883,1
124,40.91909149275788,2.578397138482489,4.400783689607425,2.506378223128647,1
137,38.63464891614132,4.596959866072087,1.0787033958822705,0.25121504911491066,1
149,36.423360750415966,2.484817414529151,3.389066001550221,0.17455776328111905,1
73,35.61069483572242,4.960790074116563,3.038760611263613,2.7557998095818603,1
52,35.91715483510599,4.257124788725479,1.476507387859164,2.1908930662417223,1
71,36.47574637030705,1.042552571786679,0.6830045182558631,4.195901974901493,1
102,35.964088239557334,4.652976073219581,3.258198802386383,0.8033979235592259,1
51,36.119402144307834,0.5818319894273805,3.6929872906616534,0.12485831058524799,1
137,36.71057101216308,4.087248542455958,1.5781367188167499,2.2451938396506295,1
79,36.040241571768526,1.9031164673829004,3.224163020111569,1.1873927837612874,1
87,40.38059254775855,4.389871602225347,1.9756545380575163,0.24807186669418724,1
51,35.48140247396985,4.340283450537251,3.5660344164130886,3.622991434238145,1
113,38.14706833742153,4.029627000588106,0.9960763744702655,0.5579649997862374,1
109,37.46238096193797,3.950152181535307,4.451075013180872,3.0415975000388586,1
70,40.894271701451636,1.523395695490204,1.4370479823278988,1.4052487508344458,1
82,35.672233413008314,0.4045964152562609,1.8389299387807645,0.8674802517751101,0
125,37.38713359427445,2.014900893825807,0.2904597604017489,1.8987576145965872,1
107,40.81682259965221,0.8676225749325434,0.557561061606382,4.007228881114768,1
71,40.193042755363884,3.4747554445123088,2.5793095135616406,1.9604678845228634,1
138,39.90243242569568,1.7304986326889278,1.3379633836398575,3.7538482460552784,1
98,36.54741696226964,4.878051004299574,4.177401128710972,0.6274314839957534,1
140,36.025325524340396,3.20486038672666,0.07346694327476921,3.8638570983253957,1
108,39.01185931954659,4.112402818171804,1.8954702433596808,1.1846666245332433,1
91,40.57625593476551,0.6626233637092421,1.6867277338454634,3.386965649444364,1
141,38.34057735808358,4.310072411363112,0.09663815458800518,2.828907774204982,1
109,38.429676136819396,4.613785952566972,0.6218419950025511,4.645723586058437,1
129,36.679874561961704,2.4353095940946794,2.068213374593176,1.93661258987657,1
64,39.61695759915162,3.031264688754887,2.4643229222372334,0.33082594417220224,1
111,36.12226249134514,3.8240490045149773,2.0214487362743454,0.09577742775626452,1
111,36.94207541842546,0.8741931363020627,2.654688392060469,4.134292804863765,1
96,37.5526186316985,2.5128303823172122,2.9756583745284075,2.623678188307161,0
111,38.04566227210673,1.9933151388615655,0.04961910563917815,3.8762202591747466,1
100,36.45445839449048,0.7318699608112456,2.3204757972675196,1.1721280000575733,0
104,35.68902094843522,1.8376721114576573,4.8174962044379415,1.7254187275661685,1
113,38.663720254649796,0.34086154692746784,2.5951614006477435,0.1505193610565947,1
52,36.73178331944153,0.12905953474743492,3.387711337294766,4.8074616228705604,1
100,38.487429328535676,0.6758314457741138,1.559319289584416,3.339339533504067,1
56,35.92617629164521,4.815575557945869,3.8699568907638127,4.666025438796531,1
70,37.8868406111289,2.747647679475085,3.8646074093805756,1.3274820371453617,1
122,38.19553659530951,4.8291108057661,2.6064802382706946,3.057318056128304,1
88,35.31094122093456,2.16248939165066,4.880069116396068,3.392499841463189,1
67,37.019625669163524,1.5590806654262979,0.6277510738132669,1.5877485012879422,0
53,35.80648806163384,2.5307093142012205,0.08473832444790497,4.24054617507815,1
138,35.3802498228366,2.1975584431645507,3.8507910587854797,4.735807314501239,1
109,40.93976139433967,0.5283234213087196,4.035777686824413,4.424275588480022,1
63,36.93412306984834,3.204131573451031,0.6010361456028812,3.695334879696863,1
58,39.85924667512781,1.080190912547998,1.3279141647930304,1.3873233986247702,1
139,36.527843928582584,3.0979397744891477,0.08776181683314455,1.4080802105281587,1
102,39.08901633334358,3.2510054619907667,1.4665430539028235,4.816801602230189,1
51,39.56136715933812,0.7601242656432405,3.8657093695933575,0.05142247967846014,1
133,38.57383244364706,0.3067481355533408,2.5898026385628947,3.5802498662107225,1
141,37.82945713130095,3.9038079303421993,1.7404779658414404,3.531230812776311,1
109,37.47104548488361,2.2990021188466008,1.8586964745316514,3.113447704748987,1
120,37.093209599257975,0.29081897752737895,0.006768128577340771,4.950544230434329,1
93,40.57717486548695,4.9743315858488355,1.4990026378261794,1.5593971788186263,1
57,39.983716446726376,0.2889028049818332,3.2322937081896526,1.699859318966241,1
96,40.79016146399908,3.475176144292766,4.870972219081786,0.39469701473277774,1
84,35.74578334091327,4.918394626317068,4.235304134919497,2.2139906827186873,1
127,39.385204851221864,1.195900521079628,0.11797482322764563,1.3052426311742404,1
130,40.63004274092623,0.7112468434359809,4.492803023374197,1.716933510888221,1
85,36.08739839699396,0.6069246971121445,3.91599206649313,4.172858951278139,1
99,35.39897760420067,1.5163757378379779,3.901880617854902,4.677422567637478,1
53,39.446723895740355,0.5052290550532335,2.2899787950178574,0.9286653600259281,1
51,38.44683867907947,3.4608067084706597,1.990026464772514,1.8625446577673292,1
55,40.05097266054963,0.31145899065031346,1.514578644165963,4.643152810576971,1
103,35.83863425975774,2.5471106407489486,0.3284742947718289,0.30904230344611316,0
53,39.77160387115934,4.983484269264884,1.1411768174684955,0.4618026405568926,1
103,36.20976392028647,4.069851347530094,1.2330181748901232,0.8139549460311468,1
142,35.98193565719423,3.0760971911550543,2.420385348551008,2.976064170634374,1
112,35.98559478758596,1.5312681039330585,3.7372220329834698,0.7523613550299874,1
67,39.88744832138829,3.1194791814581926,2.3690491419897333,4.840381907253668,1
139,38.9911833241772,2.6352073195582584,0.28922224723580303,2.233572636292602,1
93,38.13839254861472,2.130416919451857,4.78894900494102,2.507589801750832,1
83,37.152982904741016,0.6535518837009974,4.713621595470562,1.2332930790270324,1
123,40.26320324487865,4.433021076202333,3.925947715742042,2.3548012621736674,1
111,37.354670644535815,2.2489232441066127,4.9566395078211025,3.3095681631850575,1
149,39.899596636829465,0.9731125591038253,2.7224116640013145,3.755885684770214,1
63,37.63480945142131,1.838796754386448,4.813841751266031,3.769340413549565,1
144,37.261666576549445,2.0706487626446353,0.37802520308375387,2.8894555634704417,1
97,37.776078714017636,4.137689477834371,1.8284037413068566,4.521798874969286,1
64,36.808267244984854,3.6680719028070103,1.126906340033829,4.087039236530547,1
121,39.48565628105751,3.846524468206699,0.9791654206713502,3.785240573493127,1
127,38.01632234055487,0.05515632214323607,0.7040147444633804,0.2780276084023031,1
136,36.3932761708809,2.0807699908988075,3.1120682078299833,0.03438981109824657,1
111,40.39744743964741,2.4067207581766183,3.9066092787365254,1.0622363859773647,1
89,37.30334732823927,0.09596138411528343,2.891491997101803,3.3176179695672614,1
134,38.26131716668393,1.299066043725171,0.7348135479410484,2.055987444412729,1
129,40.43883266578728,3.801449115610675,4.055618849667354,2.0120312964965588,1
131,38.74542797548395,0.6855485286449953,3.1797735358186423,4.422934441148069,1
102,35.70138824425018,2.6765506572629585,1.9408285306349775,4.477814240659193,1
73,40.63899274168085,1.0760093600861875,3.370651477680315,4.545876320267928,1
75,38.76624831842851,0.060603873219466364,1.2995248962141641,1.5693903825751365,1
138,37.00943368794252,1.2060072879977075,1.7259610424710525,3.4552790636963087,1
109,35.83563243598032,4.879368774550269,4.587429215659951,1.3581659063718483,1
90,39.76415113562177,4.007685559414948,1.452522528357102,0.9530491653722489,1
78,38.72043653557108,4.797883221605167,2.349941340789683,0.9231622867368461,1
64,38.20076655185793,2.4392702196318123,4.450705686980073,1.7105381043179702,1
94,40.363355498305744,0.5486809933875175,3.538606751337637,2.1497880988991085,1
114,39.73158326734718,2.739797444868465,0.31101613082351376,4.154745855275342,1
138,35.91004927839651,2.2718866727998046,0.7365152213948517,0.5994554673635605,1
120,36.87033240677329,4.22178541369808,0.03920795385958409,3.674629236974471,1
58,36.490934838886794,0.49041290392122294,3.154608951145817,2.6572745709465266,1
137,39.46367775543606,2.441205685108891,2.2383671270520917,1.4397267133799625,1
50,35.201194608414674,0.7502433234699213,0.6713742545113777,2.464097922664123,0
57,38.4193381092279,1.6233796344502998,4.7896706052838525,1.4997103488851131,1
137,39.574752114444145,3.686785386938998,2.6482986197280995,2.98040977619153,1
112,40.2605938205705,2.3800906468438328,1.209466470564446,2.169219614276221,1
60,37.05249049229545,1.8794414257288468,2.5030178557735376,0.8220276453943937,0
130,39.92754382803208,1.9723813928501766,3.398101663675539,0.5829153727784836,1
57,35.66379042173124,2.297233842029933,0.3811960898678224,2.7334784103606506,0
84,40.07871375040711,3.9250827191852844,1.37351907523946,4.512065166430517,1
84,35.76493197399189,4.460423444701172,4.034827454419968,1.7197884327884276,1
82,37.383723743362204,4.776673432519641,2.298324352013306,3.665000536113116,1
54,39.783772194677326,3.9345169312764754,2.7328857101614745,3.2933067746988347,1
90,35.899504564092645,1.5770344787400636,2.1640800110473464,4.657774571547405,1
77,36.375508371395846,3.4406735304327105,0.2194997132150256,4.104905086495704,1
56,39.3335154103584,2.1880156202769596,0.8287488991007796,2.833026294527315,1
122,39.320219219276446,1.2733531102302558,2.2277081937094545,3.2851524911705363,1
121,38.846885797311785,4.204357897129613,1.0459273270396392,4.491932332920174,1
61,39.1636906668026,0.19213174481162498,0.24989514329839368,1.997593922934674,1
83,38.256346660085576,4.508809960677118,4.218248320259119,1.6339735292888868,1
82,36.51079435344172,2.307387323123671,4.905962645820579,0.054055418175981695,1
97,37.07417596102351,3.1860073840414023,3.965714369983697,4.132755370957321,1
72,36.089586300808556,3.2967696110289135,4.268924608523335,4.004903502016824,1
111,40.45070336800177,4.475588703532682,1.209885651585227,0.5222725905007569,1
137,38.500350768596725,3.183348410836037,4.8031348775659986,2.884286905663501,1
86,37.40510850058184,3.069667923800309,0.9846285222671419,2.319908490834437,1
148,37.77203482186479,0.3332602028034498,4.7571490518091615,0.5935454775455573,1
93,40.68370003767089,2.59204010972602,4.974096469829755,4.902841135303618,1
135,35.92010841869648,0.7508450040852083,3.5586140287302435,1.0734794373167773,1
140,38.51737899210078,3.687168843607428,4.90571865895911,0.33617090045280573,1
84,38.0353320733068,2.5611096040633723,2.847698897835518,2.974236897509548,1
114,38.668725412607884,3.4011388960417666,1.2977089158804516,3.6943333856651632,1
148,35.10866110292504,0.20836450301192133,2.1849794283281043,0.16221723023593482,1
96,40.23274345366491,0.4239600802290161,2.96780467689393,3.293588193635111,1
127,40.59270969490167,3.5816169403134115,0.36540781013507495,2.661459379757272,1
52,38.39079910153525,0.36042167999336683,3.1117163230862306,0.5163250443752421,1
50,39.179904943261356,0.356283638826293,4.905889183811473,0.8626193847318103,1
54,40.53499628706378,0.06054237617443725,0.9505382489186381,2.8398714865804027,1
139,39.24343180588039,4.7825069914974,3.9629755814419165,1.4817880675664419,1
63,35.915234257485565,3.687541797295035,4.539493968898097,4.69157864325658,1
76,38.45773016100088,1.7662570425103208,4.718507964101104,4.093701147420254,1
58,38.64029027829714,1.4826779064382762,4.8006780220272365,4.9178360325683155,1
128,37.544784027814316,1.7485161487292478,2.6072981936073596,1.2983541947520698,1
64,39.418665413748336,3.8732676559059094,4.886539539957519,4.848618163989885,1
139,40.60620208861409,3.306853055352072,3.7865510356721943,2.156169348957789,1
91,40.55341107744066,0.9259778393373397,0.8083571811848095,1.7375939765687731,1
126,37.705036228424795,0.8705466766704217,2.38450053233985,0.2517476348467662,1
100,35.67942827504453,0.4919782485669866,3.59165587686002,0.2638262892980131,1
112,40.90904719377401,3.301513598506691,1.2367015790954166,3.4600562797332737,1
145,40.03338851867561,3.8218633111086797,3.203075917744437,2.2896449721701395,1
101,35.7479760872196,1.3252321416250201,3.333002395233096,1.1326081301805284,1
145,40.52505129570423,0.10472480515456406,0.8134987190428294,3.0698515316261634,1
53,40.21937817237277,0.41085833738213673,2.8254265622637815,1.264290591250556,1
143,38.11302834275644,4.839300174225152,3.8581345548930384,2.888158771722113,1
72,38.54765261446958,1.4772238873871013,2.4944783226797096,1.7960437349134517,1
64,37.39401622322078,3.846115739190668,0.06051558388053713,4.117761133059095,1
92,35.32856983293219,3.1233178442713188,0.04519234539646089,4.103480803833897,1
78,37.0111834498754,1.9096981982644796,1.785146719850061,2.3867519906120065,0
85,39.817120691588066,1.0284363109777757,4.63097034215891,1.754095546675078,1
62,35.027792138027614,0.6069320907970321,1.143383898018044,1.8127989827954727,0
81,37.00099503014687,3.075064840194333,3.171818444358436,4.02857262834109,1
120,37.38901216154566,3.87316890318894,1.1103793534666029,1.64089741398806,1
108,38.224373617627535,3.2195212677056535,1.608349948297743,1.04529686853423,1
135,40.519133698476566,2.6515106662457915,4.24021044800742,0.42344170937653414,1
77,37.07807596619577,0.20975611715818132,3.6443072113497346,2.333465604422042,1
115,37.08171921137737,4.842443887971919,0.47699638656605314,2.4106604945992096,1
91,39.425007488658494,3.9935709582728727,2.143510104932168,4.204543552014536,1
94,37.713307645338844,1.4641101835048236,0.14584881822632234,1.1061934822303199,0
111,36.34762893763989,4.899851646794254,2.404450733015045,1.9049563683419994,1
106,37.71463709679616,3.0094079481816105,3.31217005850534,4.0420286944684545,1
55,35.8451421222788,2.912113291036232,0.5925131179907578,4.118118053744867,1
77,36.05832191903734,3.7403658971476608,1.4444246945458283,1.923055379893841,1
77,37.99020663643688,4.058848940450687,1.9891831275107847,2.2956201164334047,1
93,37.513552697027286,3.2823930366575134,4.597655123280249,1.5164294542464147,1
133,40.4890754064086,0.6404787318310001,4.96627507711482,4.66277439209656,1
79,37.174363394699796,1.691337529972492,0.22455649497807928,0.5932188287079015,0
111,38.48353010166826,4.640418201630249,3.80503961747696,4.66874711500735,1
124,38.79358572751718,1.1230780592192597,1.858620332011716,3.4193322591767163,1
141,35.078566739530004,1.8608351191875667,1.9622909311474002,2.657860763433656,1
138,38.98122423210026,2.16038441472098,3.7713248667351134,0.16329530392247937,1
111,36.06821580121851,2.197024948472261,4.5921321607270436,2.3779809591100416,1
146,40.76642190481673,3.0646979124726275,4.754642972512742,2.0387405250136617,1
50,35.891976366518676,4.715379188723538,2.885612930191604,0.8060940598756128,1
76,37.48774474236214,1.203463559162525,1.785605796502514,3.2820480175032847,1
111,35.51209800847187,0.6075068815045903,3.937745429293896,4.855754536841429,1
126,40.981245511075684,0.9873524492996866,1.2550069163115012,2.8109440553226257,1
52,38.01317006198745,4.434624501046348,2.8203701441675886,3.573766382219729,1
119,38.57231010392026,3.2290540632760303,1.7928923076243657,0.3422522628300839,1
121,35.40245886433056,1.4295339461958005,3.2831553685393806,2.0883349790849737,1
76,39.49976282239507,4.079734694843086,1.2019945644675345,0.5817924258224794,1
58,36.25943355857351,4.30684998181718,0.9579647286741289,3.063979177682552,1
111,40.38832573664428,4.232571693451391,4.591195433377186,4.692410791070773,1
86,36.23083784289204,4.5946326681977725,0.5090184147476845,3.308888662358193,1
146,36.144126323982,1.261205100866808,2.5297895386746583,0.38401524157210765,1
100,35.21929800708857,3.7752096437313916,1.1042639148150446,1.7733310249254142,1
93,37.83240167066,2.3026974863707,0.19464981662833725,2.7533168972042574,0
73,38.389046799575695,4.209992764450307,0.18009409145713196,2.016038780666261,1
128,35.39425183657011,3.642453385808066,0.8761088605291367,4.168220052375862,1
108,39.653165700170064,3.882237232498623,4.333851772530001,4.073355023549946,1
81,37.71973300848816,3.2808091884053576,1.4123937198851333,3.059155100516107,1
145,38.14634161596548,0.8871438473485344,4.752295852876479,1.8672897256635261,1
137,37.64457648162937,2.7251345944846914,2.908111464945968,1.2766818688162207,1
101,37.40457836525196,4.923348697622541,2.1830709488438305,0.5293715910656466,1
111,38.357841987849305,4.6869403324855945,2.900444173347273,1.7744884174327702,1
107,35.93144147558427,0.21586867898505835,2.5834919261313387,2.0658625860385977,0
101,36.09156878297163,0.8240740786471856,3.7938812687866257,3.379114625520368,1
61,40.170713726081104,0.6586438672728095,1.4124803298642612,3.2907991214878676,1
88,40.6766927728018,3.6298995499264777,1.765251958001512,0.35054069820628475,1
51,37.23985589767852,4.088926649284725,4.470471512666253,1.976296577155789,1
52,36.62446803886132,1.0675568315533597,4.732282565752027,0.9088943360868096,1
105,38.86399725943409,2.529263464759145,4.462791137432372,0.7840635265840284,1
130,37.45240502658858,4.203515140056,2.097239969786568,4.13651074868623,1
108,35.15231813396207,3.664007723831253,3.9018275150344084,0.20957608358128765,1
51,35.936915584197145,2.7111860274592416,2.381678666505494,2.0959143795106066,0
51,39.295833373084385,2.9517384522938643,2.487699260730511,0.841018278832591,1
141,38.953543651460905,2.5418027345814,1.0234005452864197,4.39665107839237,1
103,35.1625759550209,1.4877422565941028,2.9556515162925825,2.7852025663751756,0
136,36.3318329715977,2.8251099642950805,0.9306794887667397,1.1569031818842401,1
145,36.38644877952843,3.4444265102504534,1.6578234953359687,2.512136435831882,1
146,39.03135646159237,4.366614579304039,4.275151008099676,3.657431798515579,1
50,35.11826322652618,3.1814567698962404,1.0353790460542762,4.7905900445971685,1
68,35.62465149190744,3.80560768521579,0.35579142586716406,1.1022300212270948,1
51,39.79949651223914,0.800358174772865,0.3450379630640815,4.430908860646726,1
102,36.071267972326,2.3077873720989492,4.703922602515539,4.671520570837451,1
93,38.916476647111246,0.04665809913546648,2.5346021898091733,4.5821027226603315,1
139,36.42909668628036,1.233394322608115,2.0470603590850915,3.177071784309549,1
81,35.596648356556074,3.632308575565024,4.054392905039592,3.1491032721735386,1
119,36.45903314599673,4.9590497567468175,4.17912963955258,2.016053165919114,1
81,39.333601591133956,0.49589049793607953,1.660955165578023,3.7619894115189396,1
117,40.134178808637714,2.0074715793064413,3.4680902873689763,2.6564700917546595,1
104,39.98131918740195,4.000354843495797,3.855614079259433,3.3871903561414722,1
124,37.38310117771073,1.0201781731444943,3.2732534343297726,2.1422895192439775,1
105,39.008510819423876,2.7754247465114315,0.7579753740004969,3.657482320215695,1
66,36.229905772494924,3.665356480148374,4.379415417585285,4.122357588022745,1
87,36.75888638156608,3.0799272513008953,2.6954727636800433,0.7321812830140806,1
73,40.37801491112672,0.9401236730770807,1.4123621318500184,4.16464857787114,1
118,35.07801154106441,1.776922843428697,2.1261409271884695,2.7014826589515364,0
147,35.513051185126805,3.9189589224269863,0.1878554519945369,4.223329545451121,1
119,36.24731753087617,2.7711325706600833,0.6393340061120878,2.156508531705073,0
135,35.159193223242916,0.026148067714563683,3.827733752579304,1.895202426915175,1
60,36.08861261053878,3.8049538001404692,5.817377683070557e-05,4.575303662586112,1
65,38.498249365818154,0.17655677470119535,2.0828291424114607,1.2558463377420064,1
146,37.52854730355499,3.728668913656161,2.612550905427942,4.221061626430716,1
122,40.35603026646185,1.012402800826187,0.2731721000048615,2.4201028625470205,1
108,39.904661370430645,4.790367400596901,4.865390814861664,2.5704772127562987,1
119,37.050904110187254,1.8397037565104224,1.1306266562483596,1.5423414074474202,0
129,36.55654060058775,1.6346580816903955,1.5209935981814042,2.8652110030950784,1
142,37.2781544490036,0.7444402516622234,1.5197125612751368,1.6260559813810564,1
52,38.54176965508885,1.5280210774510743,1.1520833105867494,0.19634707120826156,1
69,36.608381844937256,4.383253809141003,0.00736911043155708,1.3599930267217801,1
108,38.7448934470948,4.981671688136236,3.646723970439982,0.031895217032953393,1
85,37.456469913147444,1.8415476525342416,4.834227498996427,4.8917739352842835,1
68,38.31228308511188,2.2430531547727126,1.1214674164252254,4.828736049098738,1
139,37.616759174811904,3.6103546910136854,3.3152359590171123,1.9757764873615251,1
116,36.76679455725151,4.430978902325372,3.7094816347935753,3.64185427169823,1
68,40.69071984177294,2.9652216709339205,4.242126895452624,1.729030492052125,1
69,39.581634764958565,1.9576284908891468,2.1131459850680456,3.3554657854298804,1
145,35.840679054598716,2.0631092042431187,1.5146545282021462,4.027150215229895,1
120,40.21080785538748,3.478090732484034,1.6264756701151555,4.733781223461204,1
101,37.92458718949708,0.016091318021393408,3.563106665492564,2.00106137924836,1
82,40.36731336136455,3.0979466872992036,4.08389733252818,3.9164899147802386,1
89,39.79913153568389,1.777465052206787,0.9080698387830133,1.329642253160594,1
88,37.5512810268154,3.9709866563854215,1.8547050407888261,4.951661518968241,1
131,35.134815849920706,0.4649531991156608,4.50970098374575,0.1288479938217557,1
50,36.61206415630968,2.9410113347419524,4.033467598473696,3.0176440325056046,1
60,38.2498052879652,2.404864449430619,4.924292013812379,3.2975299082566356,1
141,38.800869318956885,3.211627629526137,3.771241298410404,3.440227785370644,1
106,36.547326112599215,0.32426797241484173,1.9659760051396113,0.6019378939454451,0
138,35.836136444436946,2.899918937140656,2.953189169973189,4.692648917365652,1
99,40.0095814207958,2.8074229397976187,3.3050712712366015,0.905916395250414,1
72,40.90641308422131,2.8033004720808545,0.39227908158561975,3.1137670161992053,1
80,38.154141093816115,3.017438332982274,2.7224847955193257,1.1133803956154247,1
143,36.03007571508982,3.382339686131811,3.546604142363048,1.5360820851063544,1
91,36.63384395911621,4.024944998403849,0.8366065200053019,2.732292708640622,1
148,35.1103440592848,1.3491036006410717,3.903158587127786,2.0859670928228824,1
56,40.48579283936299,4.1252470509003105,2.9188639025705583,0.8011280048825314,1
65,35.70650649734085,2.491278411317268,4.761108928487973,0.8546820121042414,1
139,38.45909885308552,0.3852913956716558,0.21211149103445848,2.0907239408139984,1
109,36.644331324123236,0.292754646219896,1.3266306877773348,3.7864148913775035,1
51,38.32506801509476,1.6711915934803039,3.0077693964991203,4.489823234238942,1
50,38.90852233011118,3.9244848855573378,1.4827995610296534,0.4206383112969142,1
97,39.97845082224321,3.5384046737045787,3.572120820356211,1.9655195377970052,1
61,36.23852763056362,3.943074823362032,3.795026412609655,0.5012278186143831,1
118,35.06597497195088,2.586345282208047,0.5125798203323723,0.08296240316298942,0
86,35.821313780412844,2.2009949897774526,2.5692723210338384,3.308593413219783,1
81,40.40011185108863,0.7372626335314197,2.5444527779552795,3.012247209832939,1
58,40.24334046537509,1.6409637680465576,1.8464038510777052,0.815095569074431,1
148,38.58447861302185,2.1700968308693764,4.66462431284836,1.1690641654653207,1
68,38.60310116260192,0.44300214839808616,4.137531599366106,0.1185387682225919,1
97,38.99022004727753,1.1030597635560562,3.486046909548184,4.174736028472019,1
129,36.052227671740695,2.991126470318694,3.571633178674988,4.8734529802427575,1
52,40.48647167554976,3.678315571195949,2.3085807190655956,0.677297683973454,1
69,37.512623149352436,4.991737556964749,4.604972605482879,1.1573760688264905,1
73,37.298831169496985,4.665566656717789,3.472977136266427,4.34204761973467,1
103,38.11350623169702,3.2128259976759574,3.6449053082790823,4.6323189897809245,1
82,35.28179580065033,2.10624026647036,4.308454518936726,2.098136914034052,1
73,35.99770021253648,3.1808868235411634,1.370357946710955,0.25311236134537063,1
124,39.428201698558226,3.92825809040116,4.035354519333515,0.196959168464097,1
121,35.49679200755076,0.5916809546169366,0.9762030147824602,2.8697493303450523,1
85,38.61891265679833,2.049524448481441,1.726709761224439,1.9644755444658952,1
87,36.472094658087926,4.199011428178086,1.6780522713492134,0.14326213788827258,1
133,37.33577368425186,1.91916475966522,4.892627341945703,2.9162619615627836,1
148,36.7321624206242,2.8593613561359326,4.282686118739634,0.05651268294511236,1
138,37.134036298789695,2.938846804310991,3.5058493079512987,3.936859790746365,1
148,39.31427543110547,0.9223812656681968,3.6352838080769505,1.532164113516858,1
74,36.78273029373905,1.811177208261442,2.8103639720128553,0.2012900150461605,0
142,38.398427841781384,1.6725564437096607,4.735453335542595,2.9417611049157664,1
67,37.8563024131946,0.13098354266032397,2.4812937644118076,1.9884220721652734,0
131,38.98202699217589,0.12095881945677622,1.9025885493494727,4.869002066785748,1
115,40.620978435948544,4.158485218378868,0.815176684657955,2.720993312518511,1
103,39.3954325832615,1.3653540498640622,3.93102826130529,1.3761959051850414,1
84,36.289642271544544,2.5903938311940773,3.6722196603779573,3.5471943231698737,1
129,35.18709881036771,1.4936278679438653,1.9217751926206743,1.3574600127135565,1
110,36.57358426579895,4.703396225576703,0.1259670697961468,4.521216457037825,1
90,38.57046758420153,1.2964837943288687,4.194986638590054,1.873609852536882,1
149,35.308554880905504,2.1482840636946756,0.05708991727036816,2.749342813881026,1
82,37.97819748320742,4.3636512524230096,3.5184988981452547,0.2528655191211443,1
117,38.581057093501336,4.209667833959044,4.851285548630285,2.1306061897611537,1
82,37.00546334490176,0.9305070892313866,2.1883066407410174,4.161817698304975,1
63,39.62547322247493,4.013216548978552,1.174867024979764,4.02824402681671,1
70,35.63958951880263,2.290934433689463,3.5243550502169088,1.1215927942676314,1
97,35.45082669041485,2.414844360426776,4.085640710077926,1.1303953550528134,1
69,39.36913253722162,0.6673998620797189,2.7321515803892367,4.086526561066184,1
57,37.97294789723719,0.40300756878562327,4.835176376280731,4.651992100846628,1
56,39.130414378566414,3.639696534868826,0.2583436082898055,0.47680460636501776,1
116,37.60896403162248,2.482305761776499,2.523977991522641,2.250293197131126,0
66,36.47841219943464,2.1842535130758978,3.5922697366127503,1.6872713948211449,1
82,39.9146139060452,3.6475411432619835,4.3132023557458945,4.353442277287197,1
97,39.796495273813875,3.8275644949555487,0.8962780595389502,0.41762457340009385,1
125,39.16817882512656,0.7945408383467678,4.000017408818407,1.055629712790187,1
108,36.632870823379776,3.0511257473882063,2.763535378592726,3.7623416879324716,1
135,38.541384001214524,0.6767704113884276,1.982768409949816,0.2564692449060779,1
71,37.16584338164016,3.7568754301452283,0.6585751428954678,2.462676903571446,1
79,35.549492439959806,3.2847757813356977,4.326478794544562,2.2105351733986,1
87,40.503881452773456,4.78307310541729,0.7863660408985768,1.6720058949437433,1
100,35.82091178551377,0.3447900817821059,1.5489392960454962,1.972861576594619,0
103,40.70142412292481,0.2852736057562716,1.4502276598121844,2.649702934651165,1
57,37.67603463774773,1.4109353734660006,4.357070170954271,0.8068367919419156,1
76,36.11079757303172,1.3085284186795298,3.36351497104449,2.859979391417964,1
76,38.251405684270146,1.234893995359999,3.9834069859568615,4.027161646499931,1
147,40.237675015258446,4.531272902605183,1.252339493962495,3.800804648950795,1
70,39.39334931845737,1.2477309992475305,3.1243704980349944,0.7694995234688684,1
79,39.8393668871687,1.359748630643155,2.8587299157187434,0.7462473487073695,1
146,38.9527002002643,3.7969913120898187,4.164151883941355,1.3408718387245666,1
77,39.15365938710711,2.2486992122527,4.530435302406302,1.805373631705186,1
113,40.09517390939192,3.883552784775906,0.06078385738693404,2.042277907042413,1
146,36.49800805315512,0.3268307878219262,3.370099595293963,3.398486084166726,1
118,37.936549781858844,2.4378559683669216,0.2591789955986451,0.283402160829177,0
110,36.32725665091761,0.16806800091641316,2.7442933253867796,0.17336352113033193,0
97,40.926008047979884,0.3132660172767726,1.438163645218391,1.9595528147195451,1
68,40.66435603811968,4.532187266722055,1.533882997610706,3.4858184606899023,1
53,35.236560868211036,0.6962268555879758,1.7647925172617829,0.9671767147824128,0
84,39.233451035094134,2.6621034113760853,3.106462245248051,3.2075224062812584,1
113,40.55148990449399,2.055478013003533,1.670249828343846,1.2991406897014972,1
98,36.083452070764004,1.7367166312942133,3.663495252951402,4.4304305440675815,1
66,38.40767138331578,4.499166728436363,2.0226369278693483,4.4784497213330825,1
93,40.49292978552825,0.1091169838774475,0.3417660015497931,1.4864360214066323,1
141,35.20367587151479,3.3189484308779456,3.918799212420536,1.1499687698162027,1
79,39.18452160348104,4.816972171067752,1.42879162296353,2.0565198603311563,1
142,36.7840940442353,2.80084091730921,2.1638343979963133,1.2026579259007435,1
95,40.546377172259184,4.684112310165459,3.4272194161095078,3.361919216458518,1
55,40.826349470992206,0.26128939643011884,1.66228078574356,4.130323422741427,1
148,40.6655989346806,2.093966595370807,0.2829282807335781,3.365460654556085,1
86,37.845285299944784,1.3007889548102558,1.869605235064068,4.121752236246747,1
73,40.172255905935884,3.6541048249036487,4.722242913471517,1.9849608110373707,1
142,40.06729639121042,4.906485452486233,3.208671986492791,0.7815848535443043,1
95,36.91460283945953,1.282650312221239,3.357395743336035,3.6897547369879606,1
102,39.973492844904065,3.2708730073703722,3.1614107681881993,1.8023725257077694,1
144,35.222045808292954,0.9904881637987006,0.994960694797184,3.3563541261456624,1
148,38.57761927089232,2.8266512728580495,2.0916693205114005,1.3532197099088283,1
109,36.38005302372622,2.319662433441681,3.7546989918165914,0.40614817403336334,1
146,35.723401314663676,4.860026648157685,0.5068644877657957,4.962908977438817,1
112,35.461719209775254,3.042636363482333,1.3892638804485613,0.7810075396529964,1
134,39.17773265526884,1.747531860434094,1.381595542329268,4.9421049698174055,1
81,37.039249782608394,0.5704789244396669,2.16009463797253,4.886399662832236,1
136,39.348600629172566,0.7562341436746728,4.901843704710926,3.969090519540198,1
82,35.392138044793654,1.1265846497561753,0.3375127334191097,3.2971148104099877,1
116,36.891742026983664,1.25483330670149,2.5935049719029752,2.8890352512554234,0
67,38.23694775425202,4.253080289205689,0.8968234100610523,4.330507726889174,1
74,39.74433898903378,2.8061139414126246,4.853382727048721,1.4471976080974396,1
144,36.91251501759242,2.616954556871832,0.566517523637321,2.338406062424385,1
103,38.75534825862206,0.5738443593460874,2.018005011807956,3.0969498468325094,1
107,40.315866489417125,4.300698466747175,3.689424924173031,2.0559523793474552,1
116,38.69517912909383,3.6140715160424186,3.5227721401372265,2.13743227045134,1
95,36.3977568485218,0.3383418095000079,2.1136431844696615,1.6514233375104221,0
73,35.14640468933923,3.539175486148843,1.7326208397635912,2.82115908342268,1
81,40.22059324340558,2.7176910867132302,1.9880618927643527,4.25287264007558,1
96,35.12761646510232,0.4086267287338913,1.3213813157931964,1.0076418900315642,0
135,40.2482100361052,2.291503207643282,1.026664693533999,4.672165193767207,1
72,38.17362280416327,2.4234814356502348,2.41519848779445,3.4454382687411482,1
115,40.634406191077375,0.8288727008163788,1.3426687803380366,4.116366063400151,1
76,39.792699414641994,4.728490735001412,1.4373083244862506,2.780953463150058,1
51,40.987604663200024,4.24987685740331,3.283780317372785,3.8975835071203173,1
139,37.10427089271026,3.3451116866455415,4.842686658499461,0.08100198669733605,1
66,39.60312973358676,2.311477805003036,3.0181860027968757,4.091902123897676,1
82,37.41158548165545,2.0588277079225428,0.3848973353248314,0.2006942954268326,0
58,37.87925372182345,3.2548673357547706,0.3779180692703349,4.449566881814312,1
92,38.76503277931022,2.7271593470345272,4.75711610422783,4.959813736193216,1
97,40.24206268511803,0.3113655294094281,1.4864539515366681,1.470337310883889,1
88,40.904500815195775,2.5625132438516585,0.46033493041237716,1.0515927814289683,1
142,39.60964048318711,4.032018086164197,2.995222935751908,3.8268168192902037,1
91,37.506600693004,2.29619938798479,3.1182438914513306,1.265131704601266,1
75,37.52814201366242,0.25978288777134206,3.2425241005934407,4.327811915861018,1
148,39.42549380953335,3.9313909969201655,1.3370101392877065,0.5142129607873835,1
99,36.43266287460981,1.006818910679872,0.07555342107237517,0.6297759818967913,0
74,35.66284467878837,1.2931041744401939,4.825076847272359,4.895757775503078,1
73,37.127732945844656,0.8235317671614795,1.2544652284555124,3.369194491350023,1
62,36.72343394992449,1.6510753243574876,3.3801314402627374,4.234436122144764,1
109,36.77784872273594,3.783757528443175,3.5331493493935477,1.6216468867575902,1
56,36.40164650629946,2.5969292975196865,3.0500370853974283,3.382418747603022,1
106,35.252559137818174,1.024406370753563,1.564536971068241,2.971209136542986,0
85,35.10724360840048,4.3891503907602045,1.3554812688203288,3.015750600614735,1
94,40.92633433841619,4.397909274757646,2.9883414135135156,3.412662297688608,1
69,37.56663880241518,4.352892125230035,4.330478168058457,2.8767958656454926,1
114,37.30595988295809,1.1939810569076963,4.733668644616978,2.1453118465133296,1
57,39.077883696158416,2.2561967209049403,0.5295290220187882,1.3796134719027342,1
65,36.309523327190384,4.924948280704376,0.7741430629885993,3.84290665456601,1
63,40.699767103701355,3.8600623815499517,4.723681293915398,1.131362150015931,1
125,39.71807008649331,0.1358371061277991,3.682676141673963,3.461771530772071,1
136,35.53646601387356,0.32602295630246025,4.4149691241488656,1.1666641132466333,1
64,37.50548465470957,2.319656884061664,1.013163170676716,3.1266508497722696,1
141,40.27470984537299,4.546101029307801,2.937929355547009,3.7353913356451445,1
147,40.66839213374846,2.693508989763571,3.5056979720873684,1.093569444532696,1
115,37.80440906749922,2.4890625401714512,3.4005594272348634,0.2997165043065414,1
81,38.680468335264244,0.5273684997831529,2.0407584543334907,0.6548687149708704,1
136,36.002203676552455,3.2839005236214702,0.07697445845654238,3.029984836355127,1
112,40.94701175682186,4.110515803001127,2.9146302840213156,4.247232031128678,1
135,36.39003020830066,1.9021000375378116,1.2655076958980438,0.22498410617712183,1
100,40.656390644810756,3.8780592546266375,2.2512712307144516,3.670756295208231,1
74,38.89787989395421,4.8223832695040585,4.787905075419086,1.7065932297502606,1
107,38.646420769273156,1.0188322956384455,1.9951765882121735,2.3926418495976125,1
112,38.07613106609905,2.6166481559737065,4.199008033322134,4.644297749227828,1
111,36.384018870306555,1.4356897904228778,0.9427030287462557,1.6598575236792272,0
71,36.05916819203305,3.9642720951691968,3.362302490125144,2.32668466969743,1
107,36.32291725442105,2.8879668294057876,4.885034772194717,0.06841207380340553,1
107,36.11862957286553,3.1729120877515187,0.509465504364684,0.4079936000241918,1
135,39.67750684140052,3.9895707980794706,0.04159971113596006,1.2929579556739201,1
98,37.10075155500038,1.9798523633122744,2.1679139631630715,0.13926120410537202,0
101,35.34705605938038,4.575450342035216,0.463127415256836,3.1568766302412548,1
91,40.81461578084487,2.6651443362307,3.7419217483811567,2.131991784008113,1
119,40.30271530978055,0.78977411417674,4.572743319242795,2.74072601364011,1
64,40.56651369917128,3.4794955908440124,2.170104863543794,0.8732359294816477,1
103,40.96944693587861,3.9663067521912723,1.2935582107772048,1.4796601471830806,1
109,36.043371495316926,1.5838083853376332,2.172016595033049,3.3191223742636256,1
146,37.377452113415956,4.285896284993765,3.6172390892500053,4.826513618151999,1
57,39.549430854224546,4.530716273828832,0.04527080790185489,0.252083868011046,1
102,39.176123708322756,1.3845224368890445,2.947269947423486,4.451921604276331,1
109,35.92337543803913,4.91760736357611,3.0664584244368953,2.884406006556042,1
54,39.89499874994371,0.7035576402437921,3.1884412344796775,2.8195978337781185,1
117,36.34664343101996,1.01007834201245,1.210110399904386,2.501392676038802,0
55,36.34290568893574,0.9211241961901306,3.570263616890634,0.34697042952091695,1
145,38.221846537360484,4.469948550039352,0.45695743165888203,0.44938425868080334,1
143,38.55763960905022,3.271462761624809,0.9963516823340041,3.0045600282954306,1
96,38.48051724702687,0.7605214161113644,4.38735023327241,1.7047928571777915,1
148,35.54892102438653,2.201617091841745,3.693615753632832,4.586340332888403,1
104,40.26476517578228,3.07649012534901,0.06872777005672626,2.032952686797361,1
89,36.59360025553224,0.41732042494691646,1.2418813018490011,0.7164072935132054,0
101,35.77708952769682,4.412081842036693,1.0720324149658227,3.57359416751018,1
65,40.332488479213865,4.018017677207676,1.3540316401848629,1.4667671072050492,1
62,40.73390898937852,2.526033867883191,1.237798851399432,2.6273515367794658,1
79,40.1727657035927,4.835633076295852,0.3126314787142287,3.4891639275258504,1
68,39.85709644834927,2.0888048963754984,2.294702582984102,4.501320556010352,1
66,38.93145188383413,4.920551595182489,3.6636673739308256,3.9609559740083804,1
112,38.305144223654835,3.339599994018135,3.033658623587182,3.3818053393636207,1
68,35.52192055946846,3.173356366269707,3.364358342990399,3.3981659119757177,1
141,37.450719278424195,0.829774476478925,0.40574589268119576,4.729623220160432,1
107,37.236131102073884,4.40963879152322,4.757453550883936,1.4791204874826802,1
104,36.55852270256196,2.1374484396030757,4.192459169215124,0.005560470980937038,1
139,39.34052068213151,0.8111670289123968,4.025451592478314,1.3597727969909934,1
139,37.97525441047262,0.0630375998787952,4.114919025208837,1.08945689813372,1
111,35.48627729544589,2.7987784181919126,4.663552540663806,3.3091729255699907,1
72,36.321099211698865,2.6369981106133817,2.7212698305684886,3.1685579988276453,1
58,39.099552581957575,3.596768111845793,1.0014100893381295,2.967306913523619,1
61,35.4567851569418,4.4512902650890105,3.0839180392627057,0.0812172160472685,1
50,40.107241484292615,0.3970329232151476,3.714407468339695,3.6438902722532376,1
107,37.97087916208385,3.657482451701812,3.689586966770127,1.6176520624274575,1
50,37.883519463959885,0.9370597204879111,2.6072451208344005,3.3252799450331554,1
83,38.554446707957105,4.290885265785819,0.3422935966678903,2.7828921425107667,1
145,39.948085795550895,4.09531756930828,1.8555646921506392,1.7136546271395359,1
97,37.086855247413155,2.7039687749277217,4.603833042316786,0.6728813355205387,1
138,39.06809691535438,3.5512139931165576,2.92224454878713,0.47209448830240475,1
50,38.39439178397475,1.5717505659187418,2.691659716278567,4.157591665561117,1
65,36.60216962101653,2.3558394946640733,1.3442675719109676,4.59198771040779,1
110,40.271779918130946,4.108184488552358,1.8422445995828944,3.248940233821498,1
113,39.78455612964157,2.2963259858660696,4.476730445765846,0.5171705743024169,1
112,38.95071100795055,1.788991326627209,3.3323152376341785,2.0101360844412035,1
118,40.10349037456545,2.4710622362514996,3.936935133761664,3.6446960005257862,1
71,40.20376520575881,4.141246262186092,2.2717271153382756,3.8991044200503406,1
142,39.25017786029021,1.6760402368543637,3.1512360972807896,0.591093111455443,1
116,40.022079970182034,0.868807965678719,1.2419180437160375,0.00015359422691207936,1
125,39.1848287700157,3.5600701016539036,3.5273041514174315,3.560685229403025,1
75,39.0808446305618,4.129891063540409,2.1380066685166863,1.7829808799310283,1
65,38.7116682692911,0.5031873926176667,2.2127275740737278,1.2724066580913012,1
100,39.51629983734585,1.1993705637797236,3.246611622884408,0.0644873489476272,1
135,35.95163063175844,0.7098599488049695,4.681403107344633,2.7014970338074984,1
106,40.28522455519357,1.7397070579108331,0.3200317330431046,4.255753677129909,1
78,40.23106116647139,2.251754894527063,4.123716186735038,4.78815823136294,1
127,35.17548369820736,3.7441316848165322,1.4619155520609657,2.828724753066446,1
141,39.95490050338857,3.2557379244083706,2.219597272531889,2.572306638699471,1
118,35.77321920484067,3.1046428373921557,0.10956664387504478,0.4252819274462055,1
96,37.01071312555485,1.761874733048272,1.5052303891715653,2.7443640077129987,0
143,39.461049537749645,4.2072377654238,2.513156213150652,1.8998953948269732,1
111,35.96455937628985,2.3564358369908227,0.28088038673719506,3.0356764044178846,1
118,39.907802144714374,4.8955246900757725,2.4554786469158256,1.9436317393827336,1
125,39.99280506774645,3.1707106914786842,4.635553144292136,1.2014956172518336,1
65,38.044806402565015,0.6313237078225137,0.5269660905390261,0.4748263761418825,1
139,35.038315230301,3.3808878103771702,3.8222036403775217,1.5745922229444786,1
139,36.722228799049475,1.625520077158495,2.0483552668799634,0.4832241714387614,1
97,38.70156151025445,3.4316359834304873,3.27586857262169,0.8844847541199197,1
134,40.88711706816454,0.3482057408120287,1.3011829899261467,4.93668079289773,1
88,38.79088116210001,0.8744071858797969,0.7974613127067914,2.2205177845330932,1
149,36.55882148638496,4.2786862945289315,0.8023130713561322,2.6593588325250828,1
82,38.80403421859767,1.1358977851175744,0.35245972821572324,4.368092643686077,1
143,38.23991227829514,4.1852056262147,0.9282335245062151,4.977844502453439,1
72,39.67907237090686,1.396380442272052,3.3210969249448414,2.9135722467234078,1
59,35.64188383296175,3.214409550293538,4.40845305921754,4.062369105220858,1
118,39.56616741501217,3.4707528675491552,4.070628427955809,1.6347051216833763,1
149,38.24759947205666,2.5632737657252647,3.4256715493724204,1.5287197872364555,1
83,40.777952023153965,1.5265533834836564,0.5521593170555134,2.013518604972801,1
101,37.051232996232116,1.0632218818554806,1.4459372314797492,3.3625363133682455,1
144,38.79573135880369,0.1659467728121311,1.5490343766123449,3.410958446275494,1
59,40.592168633060105,1.519732006203619,1.2497847319881061,1.576197173247254,1
68,35.61505836794407,3.265813952656415,2.5750282985486157,0.6660496206831434,1
107,40.623370923418705,4.691524092242413,2.6777690743983626,3.1619812823275426,1
145,39.12731433380488,4.35602241131526,1.784429875855551,0.6416293109438226,1
50,35.40702235463103,3.830323882676513,1.76894579368218,2.8924625411466502,1
118,36.805781401680896,3.9422367162664935,4.142777989530407,3.467110640281545,1
53,39.24903253187169,3.3249245173799764,3.946464241598428,3.503057481972258,1
65,35.40410360881263,1.301434287830015,1.5389791584037282,3.7673605532979835,1
73,38.49302276105764,4.535975153529149,4.5689422193662965,4.364297107828323,1
129,37.07529834171774,3.3536615595291703,4.76407508501253,2.499794959823942,1
51,38.725493106604866,2.8022031549022,1.633712710150204,3.651245947647856,1
141,35.274452202875075,0.5549473460674054,1.7721247439652743,3.0958636768291834,1
81,40.22922083691426,2.235277719032127,2.528170767109794,0.9331996989884128,1
140,40.84093381506438,2.3017913560096313,4.7056040626683675,0.12844822434704084,1
133,40.81326713171415,4.3228180476133495,4.3815971657115576,1.422706928384669,1
73,39.49791099045755,2.733241100938942,0.512839812917949,2.215168531688097,1
61,35.78051744078379,1.9020027448520482,1.963653716357081,3.0855297221432814,1
99,39.54957917557414,4.884001642553296,2.766855948748859,4.249796652516027,1
84,35.14752149875281,0.5536029666315784,2.5156623627577,0.9812285835308282,0
82,35.13274130917398,2.112742141559723,0.9693153396844634,0.6277489494923855,0
82,36.941661314897246,0.21012337585702645,4.294083855840773,4.8173997373716375,1
110,37.931859142427996,3.6995206038346518,3.3847039149841867,0.5402227968820356,1
100,39.62244450684676,4.5903827609957535,4.189541874259018,2.392455350535946,1
92,39.09977225963903,1.4001866477524472,4.293821396747361,2.9278186439665093,1
61,37.67541623826049,4.291708383995604,3.741779268328699,2.706872104537191,1
116,36.641759997689995,1.4610911523094887,2.1960530062485866,0.430160785164716,0
114,40.98274700094627,4.553850808219576,3.052733775077123,0.28513457001809683,1
82,37.55708781341584,3.7698095179839197,0.8018270305987157,0.5274171373051784,1
89,37.70832214597805,4.024533884207193,3.3682270873745384,2.9279384193630626,1
123,35.981742927150016,0.0900327780022725,0.8962662786964037,2.7217244381716057,1
92,39.768857292499575,4.81405178537013,3.469747952550784,1.1687039601837212,1
93,39.162093354688935,3.633354960351616,1.1479908037698432,3.188870709227958,1
78,36.324617676732565,1.5237554769306665,0.5877565007510999,4.100337510278247,1
62,35.49428627369505,4.146973324294235,0.8264224507147871,0.20789479923296883,1
61,39.08299581244828,1.4076059920746498,0.00996067609535134,2.490649717740212,1
144,38.92706728568681,4.363769197830639,3.5936980892676513,3.4465520605134516,1
95,36.63955716198926,0.5629019520596851,3.6620052452918954,1.2615596353484353,1
51,40.70518137350246,3.518429887303979,2.574666749566297,1.5388545264657454,1
84,35.9063473506854,2.7034923832245514,0.8068140052769185,3.068189514946919,1
136,37.59400880625561,0.48267235097720407,0.41777168755344873,4.489676467218684,1
130,40.66169552100559,1.209469141294195,0.09564483218643505,4.049622101514497,1
139,37.51836390155673,0.06202018138657395,0.8287408848261035,2.9156510954979176,1
57,38.83115568598451,2.343839827322529,4.454277674915733,3.6511085887862462,1
142,37.38556638777676,1.5063263038000019,1.2076842085084087,1.8241123510389934,1
75,36.64529121409202,2.991787421488794,1.7713566360860784,3.2048276404937885,1
123,40.90386588775897,1.486189038543086,0.5267274224066659,2.3309079556377847,1
139,37.45600403789026,1.4995955575349234,1.1118065237408514,0.9496806822878046,1
83,40.364595222074804,3.715965993658017,2.5961228539010257,3.508691369386286,1
56,36.37972763534652,0.24071417989176724,3.038763415478263,2.78232318674411,1
117,36.2786282241505,4.514474975959936,1.2267615708310553,1.793107909767957,1
107,35.186804497307065,4.261319371955907,0.28866079612558604,4.556695950393154,1
124,38.91000095225531,3.3390234161320325,1.9551643456369932,0.10467058913366634,1
78,37.21115806234257,2.9661078505369214,1.1710168546316706,1.5788657562474802,0
85,40.186149499037825,4.4615124906982615,1.0977696161490096,0.2844069888882328,1
138,37.83925944014934,0.9266508976435722,4.799314013567276,3.8326365811081358,1
70,40.809160567488334,0.39484581095414306,3.08150242962862,3.510537270568963,1
85,36.113153094218724,1.1975508495476905,2.7843922158604792,1.656761093681585,0
59,40.21173900773366,3.9728913935009516,2.0788755176166096,3.378314511035365,1
122,39.65958111675045,0.17335133363241662,2.1447216671507214,1.9796861309797493,1
73,39.625531067864316,2.914034175417448,2.7045250191904042,3.7812689571121716,1
113,40.068699368701324,4.977187580956549,3.4821490351805364,2.2709183136835303,1
148,39.56614394565799,4.278480469187697,3.5107304809091473,2.0613986391583277,1
98,38.75732192978849,2.607228445217947,0.8584695385272478,4.6736495774415046,1
148,35.78746926609433,0.3182045464332117,2.5005637603831348,1.2543954994535012,1
85,35.19515707694751,4.156867571928549,2.0597904751705096,0.6022366999828271,1
131,40.52508708689412,2.9948925408860525,4.352634831346921,2.922715566297291,1
145,38.699901887124426,0.5746649852978342,3.157094606091882,4.846609061420894,1
73,39.77922374585706,0.469286424116781,2.662520332079909,1.8891960686359333,1
72,37.8891341090753,4.548134097182962,0.5769732108945869,0.3101838181439076,1
111,35.70384913377437,3.346001314690392,3.0281894466170574,1.6965263365478371,1
145,35.751114753215305,4.146433996583777,0.5860195284011671,2.529658271597792,1
86,39.11339172337383,4.394894501411336,1.6860328778287603,0.8096150331610685,1
61,37.58183536939678,2.858861760241611,0.7142098240716593,3.29051109028246,1
104,36.20314836020202,2.5872317587752063,3.4603682351218445,4.988746945051003,1
62,37.94956728044862,2.152137051604951,1.031260569180763,2.258697379907219,0
72,35.385253622450804,1.5847329389555964,1.95929686594013,1.7736427836510633,0
138,38.491828411486395,2.1729798042935586,4.478373888093893,2.003520834172333,1
148,36.61396042661059,3.869398278650782,1.0215819169948515,0.5757308919760057,1
79,39.78535460382313,3.0096171550756576,2.5390253197938955,4.416368007131119,1
66,36.862171753541446,4.462616449774231,2.09635830583011,2.0741282776067598,1
111,37.73132089449081,2.216900071895939,0.09062020522864866,1.9363720571242067,0
133,35.06972323944861,3.03544789359377,3.9637905678640637,3.2984513646523714,1
138,35.434681326767354,3.1565377654599436,0.3452295315729986,2.2101671046556177,1
135,37.354961338440106,2.9584858115316277,2.3712751048847682,3.2411673440392303,1
62,37.87963300830274,3.5131688654275814,2.8033914746947497,0.30723145065393753,1
108,38.60012328871582,1.1871673418740314,3.1421322830729355,4.068616718611137,1
68,36.74997547225582,2.561818887728953,3.443158146539378,4.702519764397013,1
98,39.169891316759255,0.5211240140417384,1.2663619176135754,3.2438269307969296,1
149,40.16073438313523,1.9225566382240626,0.049893883292246866,4.772829644294053,1
61,39.6791059333601,2.438335343106322,3.6172183117745598,0.7571615718498165,1
110,35.23771295209014,3.2611212977273625,2.678282996737893,2.3870809474017687,1
68,37.88304168354697,4.752655262931017,4.180588516036244,3.0090336697272364,1
125,35.62958107050905,3.0032553327417792,4.106941814503472,2.9086832371059335,1
58,36.452270095175166,3.717969580882799,4.216630838939416,2.0073088954452163,1
120,40.919975559602875,2.5313302974760137,2.4254732998977007,1.690422046831307,1
77,35.85497325740908,3.170520156881657,1.6681419791843282,0.634120112752094,1
127,37.99332892070814,0.35466108066886715,3.95779101295685,1.958712252811391,1
144,38.708934405908714,1.271957904209235,2.256470565146275,0.8133040755274257,1
101,39.214789823264624,1.8092654660256935,0.9172109820171725,3.6718283824610918,1
132,38.35789210092148,2.362466775032568,4.274870097807372,1.04415467747295,1
65,35.0586250845151,0.22824372751191868,4.412799383861737,0.29282652642266926,1
118,36.95876784946395,0.7001204877665884,2.3315487807008504,2.7618306890861715,0
148,38.10626986030827,1.3840715389565288,0.37849863654893734,2.976148663597008,1
61,35.527198994869,4.8576634545052535,1.9391304495846562,4.359565306402527,1
74,37.103761587255086,1.6567350355152537,4.017688297313017,2.8849080620884093,1
101,35.1992186527482,2.4102052905604125,4.508870142731143,1.7274042686172286,1
134,35.47147098293012,0.9804885636919647,1.0173637124879793,4.015059407631602,1
149,37.38153965720958,3.0539003553788415,0.3348680601263576,2.7013944659371054,1
102,35.796294524258364,1.4034160775798714,4.386752265664193,0.3964014231559587,1
72,38.40524508956935,1.0349628921921339,1.9470246948943766,2.8292528015662333,1
65,39.136789814823594,2.582863142229895,2.708804821337816,4.540092727108312,1
106,39.803520194654496,0.027528995802104106,4.8403290602537945,1.9815631274911027,1
88,36.20090146546886,0.03832016324612664,0.33282363957111427,1.4816290094990003,0
102,36.00489549355442,1.0953440455092889,3.241590037260478,0.7173472850901003,1
91,35.6274070420064,0.1836068125041057,0.3705271128743354,0.7572276096767866,0
107,38.81858149726182,0.5401287706534569,1.8773446423325018,2.1638574217090945,1
88,39.23885435892141,1.694303246693758,4.019072725967233,2.978399120807648,1
63,35.18951686895385,4.012928397899064,2.167361163778172,0.40307702584800875,1
144,40.61727347746214,2.860243216846504,4.985911769514752,4.697842945125829,1
54,35.31182770190883,2.563338629782082,2.795296424733011,3.77566808722598,1
84,38.247778011806425,1.4674441160406082,1.6058107631797673,2.9331195914183135,1
136,39.2543631167055,4.658768597164082,1.1005566295237657,4.142193354694954,1
142,40.225814742476516,1.9850752061859582,1.7526026714308092,0.40093378406056646,1
124,39.28452159279457,0.43546383397885746,1.862666368797754,2.384194388665622,1
67,39.810368498418754,3.0853325805890064,0.3435683886198049,3.150465634308317,1
125,37.036701155256836,0.569191967383007,1.8478709971338658,4.143264530591447,1
58,39.88895068247908,1.7261157140084604,2.3211925986961246,3.9173478002463384,1
123,35.48068907830805,2.537059693589044,3.613688761194023,1.3853462485669983,1
107,40.368899936363164,4.371112623425879,3.28364742360804,4.7044008477960215,1
66,38.28555425692242,2.467732901700593,3.543828276145771,0.6217292071543518,1
56,39.90378661977496,3.5112938301583214,0.04181840938428549,4.3756680931057605,1
95,37.7139097071098,4.964084194995352,1.0883369979026802,4.854701248023093,1
62,38.86146617117915,0.6574455994899081,3.3084214419992826,0.8857676161131278,1
89,38.158415965616676,1.3736576275975976,2.419946840898736,3.6103303210189264,1
91,39.38953713053199,1.972880377988232,0.02656737834172973,0.20142759388999232,1
58,35.489779892183535,2.109140892694157,4.022473212159111,2.0271141256957748,1
99,35.36211250394338,2.0551053763277287,3.864047866451687,2.5814164959883703,1
76,36.48261940406088,4.538055012782775,2.742095814967813,2.9032261295481705,1
115,35.95726808067913,3.570163222334282,0.3323166288813606,4.6796862412427975,1
54,40.23070139955321,3.039526070453519,3.8325752476629233,3.3612534364709736,1
78,36.31528392414827,1.5468635893139104,2.9185679386568197,2.406389756096185,0
86,40.85519153491479,4.118951921106474,3.9097998857897958,4.048375181329447,1
87,37.02137475062664,4.775302557424944,3.758734961979202,4.752664104772045,1
132,36.0927074941322,4.105991412751132,4.015010359789185,0.11033074341145421,1
57,39.73819104285487,0.00782552595736452,2.5900403320231242,4.912606361280194,1
114,38.952246653005254,3.182006850917035,0.701622590967575,0.4306606953184017,1
135,37.98917429871884,0.2556769072105036,3.3557873668984435,4.071933896343807,1
66,38.33218130562579,1.2880361016686093,3.102368925259853,1.4016737627570626,1
120,39.315210669633586,0.29762350173885843,3.711265935995436,0.6608982887693587,1
138,36.370728447987794,3.0189772647469386,0.8494050302536765,2.1992781985691745,1
94,40.97800349634045,3.4329495674630337,0.9748759995014461,3.2197828972380678,1
53,40.8487589728807,0.5724381903295256,4.452047586096643,1.904759225117375,1
85,38.90195411808162,1.9191944152248974,3.749888992260354,0.2728270414134948,1
119,36.19725470557487,2.2811825447777103,4.541142443501615,2.997305698293583,1
80,39.081369454587744,1.845265108804583,3.7935766058196037,4.512016380553374,1
68,35.433190453875056,0.6051250024259652,2.9857765299515093,1.9160768297362585,0
110,35.18391501323484,2.0947389509373773,3.2706636851393682,1.0816638881541352,1
103,36.54609733106728,3.7558902390420905,4.445639619700049,2.212886729664077,1
88,37.7757377404359,0.35503832266627733,2.8940337725597027,0.24181355524390435,0
140,40.20963503245028,0.40090007040951725,3.161956621641937,4.102437922401374,1
123,39.36301441859785,1.773856459179921,0.7823835800180029,4.131704054750934,1
139,39.456239127199886,4.708628558094626,2.369606100580514,2.940002317148142,1
68,37.55296000668845,3.3428632336145703,3.581985559790495,1.7655144446919473,1
88,37.07560995528178,3.393349783362824,1.354713491581827,3.998916822228917,1
116,37.226232577907616,1.8095999541893248,1.0112709026226745,2.773435123941836,0
94,40.925897382416345,2.9683039560426923,1.5691340411220778,4.129661542750081,1
62,35.24065514847489,0.05065592013871689,1.2075031399641674,3.1572939629151033,1
141,40.20218897673469,3.180480232047711,1.0745631851819792,3.9220273660639866,1
107,38.47205245143436,4.566434737881184,2.124254214340435,2.9928149660887997,1
69,37.631692515137544,3.062867341724096,4.53919256941767,2.070705341078331,1
141,39.35154596249082,4.368492967331726,2.5352982336935916,4.789729299630688,1
121,37.92001364854822,3.619865277330469,0.9396019040766151,2.7055691243942235,1
110,40.24053942848997,0.6027920820184512,0.3848583469043704,3.025447592702692,1
88,40.40421118406755,4.512266536429209,3.480780725689626,1.1024381970737462,1
50,37.53032556124073,0.3322192217788744,1.913993822181939,3.1282539471363826,1
52,36.66096678341031,2.6698373627388188,4.109154732926797,2.8580382474147195,1
126,38.55410197156017,0.7106856189672883,3.297553843203851,0.9241919897351247,1
141,40.47418007370015,0.05853305365452033,3.9812072527068425,0.29793548676571857,1
111,36.263973134033996,2.110171300638195,1.3597301970922437,3.0217965985738555,1
112,38.7377995013809,1.4752035382707813,3.4617946123052907,3.8184613467516026,1
74,38.78936132055512,2.430002468988015,1.320309923468594,2.6170068546100413,1
105,39.39867813449169,2.885999433672754,4.695342397251458,1.1338631265982286,1
82,35.78940611076356,0.2186953615447368,3.181871407666872,3.3326098834651745,1
87,39.29494978809253,0.6150164756187282,1.6225590008767106,0.40052863304801123,1
55,40.45419512399385,2.7932119822521266,1.3475593114613633,2.209168524009773,1
107,36.07809865322145,1.7158367658632911,0.9546329253582175,0.8168337919921009,0
93,36.42525994954327,3.64586743774724,3.473204794468639,0.9222952552994168,1
94,40.82837056424984,3.2614582429596983,1.0935780649896365,1.0114697457910182,1
81,36.085861716256936,4.228021814949534,2.9765163296374455,1.9335352852198895,1
94,40.126310560217476,3.4624641333461263,1.3231751346267866,0.25575102810198813,1
110,37.95366713868821,2.149655386950741,3.309844723969343,1.988967204645491,1
96,36.48338644641906,3.364833111972162,4.074698642702696,2.558537235573504,1
70,40.224499407635065,1.3769058712770925,3.890126215723266,2.416471424831626,1
129,37.67183153001599,1.5315674938910635,3.8042566546539085,1.9139205020152028,1
134,38.08890412357814,3.9449257996039666,0.9386120284612604,4.195733040353763,1
124,37.1554002163986,2.2320975820079108,0.44192473492259354,0.7266334621025206,1
85,38.55770510860957,3.9919017025917625,3.494744142436928,2.5284837189068696,1
148,35.98114323551014,4.112111868341392,1.8417360689717566,0.3102070847827715,1
68,37.346489219910566,4.287811688306419,2.1617311320167367,0.3557783943895487,1
69,40.816473934011725,4.583176179206037,0.15574546396695532,2.8693292483854815,1
106,36.54880059620677,2.154926102566481,1.297882246375246,2.830092124439105,0
67,38.94041998724775,1.594334091605694,0.1683820193723201,4.390167564222285,1
96,36.95114038534817,2.910993732970569,4.3959288630062385,2.7893683783003658,1
98,39.640838754119606,1.855862117188138,1.2169834160926523,4.798955102024251,1
63,35.785241964310096,3.0053708340011647,2.7866858478650403,0.24347424199964884,1
64,40.818926270471266,3.527929313219123,0.19489660330565206,0.49003842390370533,1
80,37.72273724830183,3.4420250924606846,3.33423695652829,0.22032930785190696,1
50,36.41630278007878,1.8727644351006068,1.6151367287704694,0.9263842516677001,0
103,35.44098048398008,0.8343010084937641,4.489595934788329,2.7063505547083904,1
52,36.018547430525246,2.1526466923110377,4.440590944670179,3.2278609071371402,1
65,38.1186436913361,0.7129707204095437,1.626453091808739,0.227925789743344,1
136,37.022019058587716,4.450485175919042,4.504804478452339,4.729854449227997,1
106,39.97330019529566,1.729387303689287,4.980788367493894,4.210826883251905,1
124,37.585325141970834,0.7722987361166189,4.127078320619741,1.4830624107854655,1
61,36.49228563552578,0.1272387995287544,4.2243567387761445,0.3859376511323398,1
123,38.70286991962418,3.2291119314324215,1.2450436805454497,0.8494353660952864,1
145,39.24066330131267,3.1845115872737164,2.8835119942887815,0.6347220687748634,1
65,36.0022514474057,1.7030208329064584,0.33627956983683926,0.6164188964947342,0
121,36.00571529772991,0.35855944423825503,0.47458968410834856,2.5928084433286696,1
125,35.22002856160126,2.0481444744761603,4.994463060166453,1.2292372124670015,1
73,39.41841209039384,1.5560874753169678,1.6331962471295547,1.7906985826457222,1
77,38.98282716573083,3.3856031986750468,3.740919560244232,4.947526666921612,1
57,37.84778525449888,3.028896247263452,4.033325265134082,3.421571244626724,1
141,40.06502269381518,1.8229686409877,4.290116355036146,4.744903335235007,1
85,39.83402091770032,1.0894627712749505,4.9881414870107825,0.712782775165578,1
139,38.51212618638051,4.940179830777959,1.207482426284339,1.9106973741628464,1
57,40.20962768307955,2.2700081059805743,0.20175413429849853,2.7736590164117714,1
107,36.23504726022061,3.441371178901185,2.05595758997293,0.3837903094436901,1
109,35.67151771638637,0.7027648378918039,0.6504033491447347,0.020937218139789326,0
99,36.618497669101934,2.427948498296989,0.11212944581027562,3.3521716689845875,1
77,35.342521136535886,0.13768359934732743,1.8021341357074305,3.2090975840071767,1
141,38.18701716800619,2.5272755895522496,3.9186912553761823,2.0539440499980586,1
90,40.619634153769766,4.820087035588512,2.8309034561253545,2.448220380160163,1
149,35.236061244011054,1.9210335649290011,1.5638899460517703,2.077215002960448,1
113,35.732659484060164,0.19498006287455794,3.2717100274635986,0.12002522422444428,1
76,37.713194169700614,0.15477895459671764,1.1600909015440535,1.676858031087312,0
112,40.60325010516743,1.9399337997343475,0.07190723036042512,0.8854112769864492,1
66,36.896936629860505,0.8001246823159702,3.821766932182137,0.4921209455068437,1
122,38.043408852130355,0.11676048164092956,3.1187154243200457,4.783602169446749,1
82,35.249437154302356,3.781068069750884,3.8115131225048,2.996798625210828,1
133,35.89005920577253,2.2926150444094535,0.19469008343832805,3.6432814211830133,1
126,40.91978073775308,1.4462238598632726,4.185598139153261,1.5768187163305876,1
141,40.790712178616275,4.500415915082404,3.097631000181517,1.965735647470076,1
78,35.02963988560646,0.580694801002628,2.8169767535632007,1.1846199694836175,0
62,40.71087071253943,4.779594144776596,3.123070240572658,0.4848283548271237,1
95,38.834719626893005,1.569833586886764,4.322166234341821,0.895158187207919,1
84,40.20750976712013,4.442018361543406,2.934682532794535,3.987570226482429,1
55,37.72843913380316,3.0147143823973077,2.9047518994408965,3.3877290259188793,1
131,38.093576171475505,4.133536798707437,4.953395785328829,2.7346443799273845,1
118,37.93307948154152,4.920065816052322,3.78365083534284,2.37544936433384,1
96,39.00118554527663,1.4420271890937286,2.2114690272556765,4.612171418280623,1
74,35.837907528537876,4.805677427037965,3.5369850001646386,0.363674738893342,1
115,35.179841539236065,1.9474094745121018,1.9461523584589424,1.4030040661895797,0
59,36.84757964954714,1.9275595236846117,1.144377312417495,1.7496892678535703,0
105,39.22808457641988,1.7019355212725285,2.984259384438797,3.912129061063939,1
79,36.21112071273769,2.707038036737926,4.640910490569757,4.962573100809856,1
54,39.0405945999495,0.7707252158924355,4.645697600077313,1.2033525737857653,1
82,40.81947227664362,2.768557426790056,1.7095263905274516,4.371536670685403,1
114,35.56340429473651,2.70852406205002,2.6383873311084747,4.153113802158956,1
67,39.03561270935076,3.80950906302435,1.058179492849306,1.1232869882088332,1
145,37.66250131582743,4.168249809687928,4.978155547494417,1.996662900996113,1
98,40.20885352626503,2.2022067515621204,4.905589539339679,2.048364346462596,1
60,36.06289873668432,1.5116662467574686,3.247544648537237,4.891103342632792,1
134,39.15575571335699,1.2966744865854722,4.022070298387367,0.9044595068944916,1
75,40.028691737888664,0.9731191835243597,3.5755008064185,3.99578985552391,1
112,40.66768531684414,0.2882379109951244,2.965791095197341,1.6709635708655495,1
138,39.099488169737874,1.7122398941735666,0.2667399849444885,3.654351728880802,1
135,37.983048584050565,1.3512384606539163,2.273821712763305,2.1000550214783145,1
108,38.70708344120728,4.8320869293320365,3.3739315108370524,2.8917988155827,1
76,40.21342990687231,2.7885441312502195,3.387658069418423,4.163058866630656,1
98,38.42365847983298,1.7363851951525378,1.8656130921119178,4.0208278249194205,1
126,35.18232235818102,2.90233800496848,4.708459933290153,4.332115917698501,1
82,40.58569217304186,0.6959835067284775,0.836785161183905,0.2980866267232951,1
147,39.13716050618937,2.2202187460110148,2.501797231077803,3.460252765198724,1
148,39.059080314663476,3.131171607105319,3.454419882754114,0.6999368836088143,1
50,36.294050914386304,2.444489158962257,3.485679029459046,2.0790928400920548,1
70,38.95331282139594,2.0088940032716214,3.2431947838440776,2.7429420752734424,1
104,37.36318643392495,4.969241944498491,1.3764410672593008,2.0136974237341536,1
55,38.907397862248956,4.401573810744635,0.7810328434331099,2.5980583790150376,1
141,35.639558181847946,3.1170297907972007,3.1797016341335542,4.9826315439930955,1
130,38.94707182761822,2.8468868059114136,2.996510580697189,0.6760865685642736,1
118,40.996482354624,3.1033023991229203,0.8967800514462049,3.377280226682128,1
144,35.28927223316334,1.0065605391121664,3.525695727852817,1.980004831928076,1
54,40.863045105327906,1.975688716321593,2.275859958668282,0.6650489945366439,1
52,37.44144776433723,0.1972976644544966,3.3388029580157648,0.7936838168715477,1
102,40.224520702023554,2.3777301874341332,4.186835398850754,4.746365531228085,1
72,39.694312904349644,2.7151229197883158,0.8486421428846158,4.3980074835588105,1
102,38.40209756592001,1.138748680516048,0.0957243399841834,4.5352098020751095,1
86,39.430695255507956,4.820144235827569,3.895512931978934,4.957663879136932,1
123,40.271093367808085,4.54727305468621,3.0484871257630797,1.0415769500425898,1
123,37.4248419299062,3.6107161772795293,3.4981978481106086,1.7771966868203086,1
132,36.96219896937943,2.666933143826813,4.190774874943212,3.3460951496243334,1
66,39.00556031338151,4.349845798238425,4.0140546741225025,2.419012699303236,1
134,39.84707565164755,0.6532617191173146,4.804600734644123,2.0919476668916674,1
127,39.5737108086597,3.952548971374425,2.679675394260591,1.7890562466779651,1
122,39.78688189315181,0.6241040698342415,2.4424781632995267,2.968903159717261,1
50,37.6134998888776,3.971053312747027,2.0094359994536504,2.87796714320041,1
100,39.907005297050134,1.3788378412567848,0.7684552142210227,0.8072891703212004,1
94,35.72125433222365,4.385452905090944,2.8630361644101123,2.358699187592195,1
126,38.2669345877651,4.7202104691269895,1.3850626216298938,2.7673588810492493,1
53,35.03455196298873,0.7439798470255782,4.6065375610648776,2.8514346936569526,1
111,36.947514979401625,2.3133780253269673,2.9159540213854878,1.050535964561759,0
114,37.19876920922839,4.904936890813426,2.9642009025405507,3.711356961261434,1
81,37.37703614965553,2.417037179865733,1.7746233043850501,0.12599547410534817,0
83,39.172803240139174,4.317737612572726,0.25994675988853744,1.7741592777158133,1
141,37.331348607622076,2.943657610656599,0.1587188268649431,3.901063242678168,1
144,37.69216173573518,1.8766495395980094,2.1166757207659876,2.8194646052770116,1
121,36.425264785245965,1.428917777629351,0.42282689048618927,1.305812162554301,1
88,37.23951074977604,1.0161154554304364,3.0342347777006955,3.4747655967152387,1
75,36.36361776357891,3.8089909568884863,4.404865028198287,2.836954720780367,1
83,35.43917554261066,1.9327025341151394,4.414574082593611,3.981218047281936,1
103,38.620691560288265,2.5563773110037555,3.295227050661162,3.675125930949117,1
52,39.009276791330095,2.4616274000059097,1.0561591573646552,3.0505396101811733,1
99,38.716942076057684,2.8863951461656563,4.3149841567943605,2.44088837655407,1
61,37.78096426280344,4.327885728122761,4.430467176566041,0.665910628337617,1
114,37.27871468107538,4.903696717917147,0.9832679247647935,1.306665089426919,1
103,40.180001897430955,2.0379210428690846,3.6871304288533864,2.0954973645854262,1
54,38.11449071081731,4.137594610531515,1.4325977446356148,2.9964964350319434,1
143,37.87509126577839,3.8226389732735884,4.013201561764649,2.568539276076524,1
143,35.153852394838616,2.8676447572778665,4.986189499518013,1.4409226297976474,1
106,37.04748696575694,4.780235718059665,0.15013002664696407,0.032321788948552754,1
66,37.281173712715145,1.002372577642014,4.486829328954659,2.4811961095040695,1
96,37.3929366853814,0.5463210515481071,3.1131526679932904,1.4281299428112155,1
72,38.48103421536399,4.269809834777111,4.866913095824106,3.6730415035526756,1
128,38.20161528036127,2.1957490831687414,2.325047587632138,0.11973132635241746,1
134,38.64743055676067,4.2348442710353025,4.236939652856869,2.9241390565289542,1
63,39.58929956925277,4.4654510259770746,0.31197034299138615,4.7073711875303275,1
115,39.87791443229656,0.3122879680953572,1.6763952503914785,0.8720463355574976,1
124,39.30873845735897,4.417323814930303,0.33508268875604985,2.358247453752977,1
100,40.73314217572961,2.241595276847111,4.876715667395352,0.45710995908569085,1
87,35.10939549605817,2.5521624450211613,4.084869536359184,3.1284095613067633,1
113,36.17466791410128,3.132962555466051,4.262737106229853,2.752658402981128,1
147,35.04537724986885,4.6319130336504335,4.689826157169471,2.0368276210641616,1
87,38.88484828492762,0.09558047214882015,0.42551743059892677,2.606885107368706,1
99,40.388183293699925,2.3842173415890855,1.9279879625666667,4.482873292345051,1
147,36.4608937794578,3.4386102121528035,0.3551744452200106,0.9814715115553352,1
131,40.56220726877784,3.613534788491142,1.053965507750143,0.11282255852673617,1
79,35.36160434173736,3.46266215768554,1.146828885188362,4.308324423495505,1
128,40.606616160833084,0.6721756470406093,2.3455360552378934,2.8855854119395326,1
140,37.109736123437806,1.4969779418584062,1.342810837268213,4.453292277309212,1
100,35.6085249706953,1.7935776270850674,0.5048905340888055,2.984726117065863,0
112,37.91523055511795,4.022186038397525,0.8374554454705385,4.050805449798513,1
147,36.540659406323044,1.3937993620727651,0.7363778177604546,2.1483668167757397,1
101,36.70923741177154,1.0535248193360158,4.865383989561492,3.7492996564413437,1
87,36.843739789557716,4.787240095190481,3.796462534592368,4.56520733444928,1
146,39.81815538699598,0.0443164255673445,4.83880732634781,2.8606148186110314,1
137,38.234967660051524,4.989104278409891,2.198702432539543,0.9039257528118977,1
128,36.86784619493602,3.384106494286978,1.391842408313283,1.3439880751509907,1
79,38.66200269986551,4.142346497245585,3.9914659860459336,0.9932228844870289,1
100,39.29690404533916,1.4730969817309658,1.631269590205734,1.2342851379786646,1
130,36.635744004401204,0.07157638833529989,1.4969168685267413,1.5320772467551818,1
54,37.48129460915211,3.6893475928076502,1.162529961039156,2.7756689337659424,1
78,35.73131656002168,4.170722985003379,0.6483948911211768,2.939958147319164,1
53,36.08689609720808,3.702380659767596,1.2823153050838298,2.1324987362093055,1
59,39.0867071237899,0.714251436504193,1.7765987423694385,3.077103899104177,1
105,36.088630086173765,3.767139611284845,3.369971040728652,0.4078746280568296,1
66,38.15098030200236,3.8446139105382047,0.3128242110972579,0.43894118529079984,1
123,39.254277570334594,3.2927025783502746,1.0525346983267148,0.8591473017882922,1
66,35.641261538568465,3.830579663977931,4.045118201458382,2.590387490201724,1
133,38.403873317773424,4.229607198388661,0.7346096179188538,1.0699733934915678,1
137,36.53937670220818,3.068020571187292,1.7132257326126077,1.4164220174628865,1
118,40.77756125142548,0.4430235698483953,4.3232946092907,2.0015641808649702,1
83,37.90127388031955,2.4381390483360543,0.7746265557172133,4.059330620051899,1
55,39.83595529865095,0.3882466733580253,0.4136841780909495,0.06931067956430059,1
102,38.30135925293757,2.037715155162154,2.422689975400054,3.246894101183112,1
115,35.26047519712891,2.0355324456281383,1.512097556392682,3.3443826552034266,1
126,38.798908253564136,0.3300492207012079,2.8170418224192706,3.9932789017831825,1
92,40.70842005323994,1.7441026698473965,4.0190244524173755,4.663764695301566,1
124,38.60967092087799,0.5549904939565742,0.6857424407637158,0.10068924474644914,1
72,39.91513315656074,4.0411760500461105,2.903495422771425,0.7689185275660809,1
104,40.30523878009045,4.7384401298223535,2.5275438019493195,4.4308564702799655,1
129,36.36847863169359,0.36158237628969303,0.7203939300659978,2.292592810935077,1
144,36.27226903944936,4.775576036458507,3.1199924276449122,2.8229531946673174,1
124,38.66588593310595,2.6128829966837257,1.3682020893038582,3.315136018615737,1
65,37.466170818840226,1.4978283897693694,2.4391715927200623,3.395333022478187,1
57,40.03916781720032,0.38431037638081755,0.4113616213853094,4.6587020165825415,1
53,40.400138740388066,2.503121340352089,2.2979202860681154,4.984747087058349,1
53,37.12052827581631,3.9725777224537433,1.5323173402141017,3.600787304654701,1
105,36.42122335384689,3.5354323863334907,4.111906055926772,1.436106046025754,1
74,39.68315309146317,0.2511300573198688,0.2848936349868414,4.398762011471718,1
116,36.64883621328882,0.36450917683951756,2.09303637459165,0.24610457270380803,0
145,39.93568591108207,2.0143664131631853,2.29215712065719,1.1554042643724811,1
116,37.54242952189258,1.4764524702397164,3.6250303814955935,4.486928587318574,1
76,39.00529939574882,1.1619216152802392,2.871437875451055,1.2809575721967748,1
142,35.57321188300801,1.405022494543568,3.3360616859709054,1.1032552981087425,1
81,38.74315594805944,4.017413716484423,3.885246428258781,0.6906264657012362,1
99,37.710606072423374,4.64614026815927,4.311014868290944,4.295558788234582,1
110,38.519650779052846,2.025513472637832,1.5693774836123526,2.5002912959554333,1
100,36.00808524646918,4.530555010662486,2.690113526819515,3.374466015270774,1
68,39.421242469665096,1.60747850623941,4.200540392195999,1.1953319203751485,1
70,40.17678246525937,2.382184931718958,4.947255654825282,3.7902021050560823,1
54,36.300438800544654,1.1301449890799986,4.447596555218816,3.8000277248104926,1
131,35.57428733312097,3.2023802108792196,1.857336313121884,1.5629901245415008,1
141,35.14183151627802,4.894905575874045,0.9758325860932521,2.0534131650514142,1
91,38.8518290026596,3.0174654802168934,2.4469626870329435,1.0484513871510042,1
110,38.64256421653268,1.7890704205677443,3.7082072591802113,4.882805116614522,1
71,38.28018447628442,3.239087229952642,2.462845353766488,3.228012885292058,1
70,36.39168257669585,0.6146033923269378,2.4159043165683425,4.672719403577577,1
119,37.34543597543309,4.443295401326993,4.191152105409003,1.516927718145666,1
50,38.56685801111704,2.515419753899182,1.8070188953359319,3.9094545649844488,1
54,37.980601153155014,2.24674871019821,4.298973374058228,3.82929321942371,1
61,40.926713121289325,2.929323942267596,2.034024004758618,3.4582782593327077,1
139,35.818638515340396,3.1239193139470123,1.641165528391697,4.828194876334003,1
95,39.17086732428557,0.35887903113256514,2.269949555998495,1.9677766805315777,1
83,37.42591260862575,3.413086106117012,3.8122347933743423,0.6535866179487865,1
98,37.56919768955369,1.209658401577648,0.6300101393199714,3.3585442962203036,1
127,39.30558659394906,3.569763162532949,0.9820960793600869,3.6465490023860307,1
139,39.15461690794622,4.112673971920984,4.7572241283154595,2.8753028672940735,1
94,40.94753596221313,4.019792537762601,0.8774581369067869,1.0340894656669812,1
76,35.77036573672475,2.7625048370394456,2.8386365896552728,2.522279708346777,0
122,35.624657896304996,2.600849461553756,2.896572333309689,1.560948682845647,1
75,39.34603290277245,0.7143798066970586,2.448122310251224,2.137332640833445,1
96,38.47032150203845,3.876730752015678,3.223726242884093,3.2260928792233194,1
135,36.644963999358836,1.3570469022335718,1.1491336289880922,3.7260737134541726,1
105,35.47651621393392,2.483477114089733,2.763311338883741,1.1611234545067157,0
143,35.51394949757859,1.4213704646375835,1.8608662762344856,2.026626803234767,1
112,40.365145247984714,0.6691418149984657,3.308336298145945,1.3458078549581458,1
97,36.15120394831246,3.1477884844586828,0.7061177168657473,0.9931580693093456,1
110,36.940229372693125,0.27166017411451915,2.854387084197381,3.916936099979192,1
130,36.35993841336193,3.743226170631,0.9263517769166185,4.546263472184962,1
75,37.12997783499162,1.5879339763055833,1.393215315575182,1.8511609284228836,0
85,35.41654305647656,0.0006734650224266003,1.0935490016179161,3.7563946218688344,1
50,38.11435874544962,2.555645696186149,0.9141888993440855,4.484976446822055,1
57,35.40567538155329,0.23425954263801563,4.128554757803335,4.230621052651157,1
148,39.80213904693417,1.3808477891044975,1.4285378383044516,0.9140669426961295,1
101,36.4022724914626,3.534882437278581,4.635618909322247,4.781459407566807,1
128,38.24007148762706,0.3134481081093293,4.849632626725954,1.8833822021473123,1
96,40.280474525368746,4.196692461780012,2.8563023496854867,1.6962033058691817,1
105,38.905264214283164,0.01909961329291554,0.715005613328632,0.3121566363889017,1
135,38.197746719308014,1.2341193460095112,1.8727412168979063,2.430868270524415,1
63,36.946002518692254,3.704520280760357,3.9886613167410703,0.5450680782046435,1
139,36.998011478349184,1.581350748646534,1.8369536434853524,1.24269910463713,1
77,39.01692173118914,0.5094619403300676,0.43508609151394373,1.5847131088364068,1
136,40.96483616732701,1.8011695940021393,2.7839245546409397,4.0441316174584205,1
127,38.97103513909627,1.3519664319226277,4.225604257480174,4.377443251979482,1
137,38.34670050422015,4.213559510802774,3.979631935717512,1.5123315873073484,1
51,39.383903061435475,1.5667395879257158,0.8756157006517662,4.2934906062228695,1
75,37.79123367370231,3.944662358880036,3.3638230720623334,4.286154686848955,1
63,35.36085405560471,4.459360724053674,1.1025213171782355,3.8232547519243676,1
108,38.37378089526746,2.1690870978826475,1.0910376727608613,0.7334755700759077,1
105,40.745751707032284,4.54971571927196,4.370358866525926,3.451614234503645,1
56,36.05181765414596,1.8865902698159642,1.2483447637011507,4.725120322902844,1
52,39.140029344923995,4.820392082450541,1.316236732590056,3.412702393835785,1
72,36.205602131954336,0.44644762262786464,0.0032669538064977743,1.6580842455391698,0
67,38.21496610683849,3.435096332516214,4.3533451706275885,2.502896587154156,1
87,35.58005869788032,2.4690702022846436,3.962974066045674,3.228625216755268,1
148,37.70222561754911,1.9382440272782353,3.13664467545339,2.5528520436425177,1
64,39.53697997337147,3.1635593937430047,3.751328819694211,0.5997647086548491,1
113,37.08542914543389,3.519285458171656,0.760242837122459,1.5603202232601032,1
138,38.989470346923305,0.021816348251545437,2.2916179729378774,4.011980152768163,1
77,39.77269976473838,0.8347654437359936,1.7560969367439045,4.307090230477587,1
123,40.563066916876714,3.5652302531715936,0.46888263128508245,0.6865001635778512,1
88,36.40785249113272,3.331927067891032,2.4306524260746203,4.761933761993623,1
106,37.39589549485585,4.830237525643386,4.603698251713177,1.6441130892430467,1
66,35.914496079982506,3.805188951253915,0.2002955952534724,3.3115686936535997,1
135,40.95490101295025,4.75386353865669,1.4573045674689693,3.7591257297834058,1
139,40.56200580754577,3.512702507674035,1.0377046810285173,4.059731173189417,1
93,38.23974278168336,1.4902610431972159,1.1907332683284815,4.728748511129651,1
74,40.052199766258525,0.5268246112542824,4.542172759396877,1.5645977401441131,1
66,38.125747863632256,3.909119316724678,2.3403452711714507,4.292532272757772,1
62,38.74151412801656,3.2207461073795796,2.331497064699094,0.6584345171810352,1
133,35.5347465926961,0.24093006196648115,3.8028782122764113,3.5252045317679634,1
74,39.53162252298085,1.8002523295048918,0.772461020024629,3.7098886475699295,1
117,35.766280901811406,4.783999077421431,2.436326770500254,3.3886162060066023,1
59,39.95640578151517,2.5020057285510062,2.1499260706052987,1.261573680675765,1
116,39.692168526022314,2.163645680098523,2.9845534527332807,4.365215735076017,1
67,39.25246818645786,2.28849802579647,4.997788516252193,0.844292316851975,1
149,35.216962283148575,1.0444136200258187,3.8472444704102355,0.2681739576041542,1
135,36.81877013567197,1.8435358543239762,1.989328515087136,3.587324953059561,1
